,hashed_ismi,label
0,01cec57f49affcafad5d0ea935e54d442c1f6b1a57f3076a04905060dde7362e,1
1,01d7839da4745ca6762c23753c37bfd62dac5b3825d1046be0e27fcc8df40bbb,1
2,020948925a3494a469febd5eadc3148cf91fcb5a700c79a13d2a83c6cb06fc4c,1
3,039a1c3452e277d9094580bad836d7e105a6380d760c4cc8d87fb7bd636b504a,1
4,03ee219095a7a3524b069cb97b535d244987e33c8975fe151e8909e991bcb23d,1
5,03f1100baecb636581a55d928340b42f696030aa7977620a6f844347881da9b5,1
6,04800baeb00d63c0272a0b14435a1becef726759c97f1fb487963eea991f64da,1
7,04c15d9af8a8abdb1a35c2757bf5ed7e45dce1559175fb67136b999ac4874652,1
8,04eadf1d8683498e2b74e72f5832b86166ba6ed8c1a748e7633f331ea42341d0,1
9,04f78fe6c79c7f4f26081071e26245c56fe49a434fae79471305ad0a99574dfb,1
10,053ab05a63fac7047c9a84aca0146d1b2208dd4f6da2a623c3af8c00d618c131,1
11,05a7d176d3d5d6231794f48a31f8345df5ce25a23e535348ec02e92ec7f10257,1
12,05d289e4b147ad9a89a4e2f07f8bbdb8d66540814a912fdab198b2b6bc4d07e7,1
13,05d88f56722a702d8784d473db9fa48e0f9f3812787af6f8ffee7339b8d017d4,1
14,05e2c078fa199942b459b0a521a43923d79551d4e7d1a3998e216bb66f87ac72,1
15,063f6fb511882463c5bf95d78d6067b1794fde53407fde3baf2333ad3f314cd1,1
16,066a928c725c4ae96edc7876c77f38ee8eda970e87b9961424cdc34bc26f78c0,1
17,06b46cee0ded2efa8c1a4f7070bacaa27db51eccc830e39ff4b2701a44344d32,1
18,06df93e016c2fecacd3ff153ce6d056bd00912f0204f09e69261e20a63a4e431,1
19,06e2cdcfbdfce2e5bde27722238578b75bc7568ccca727758d482d70259b8f40,1
20,0a7b88c8eaf43569d638b772cac32ceeb9cba6f067a337e3949bfc9cc19f0d6f,1
21,0b27bab5e800cc43f3cc3ac84006271fe5d0fb63310dc16a1295aba4d46d4a58,1
22,0de19a17a16f0f55b3ded8ef99b1a1e3ccc4b8742334d336717fe3248791105d,1
23,0de6c9c041a6feb380fa5f3a0fb4a0463706d60419fab289669c30d6d861446b,1
24,0e3b35f39b18ed6b0da0a2cbb1a86f40cefaa1ce46b87ee1b1287665d4e5d7d1,1
25,101fd6f0ed35f5388b1f28dd4f6c042b2836cf9869ea52da36c0ba49fc2a38a6,1
26,1073cb73efcc0281bcd178f10c1308d6a1459bad7bf6d5b8998b8351d53a9390,1
27,10db90422decc73f422a37b614bf952f4537f948c57b505857df66701623467f,1
28,1178f4a284717d6c06217f5775b09fc6fca08fafaee96b9260c69c0fbe3a460f,1
29,1248c7eed08ab4cee8f7fb3c2457fb392548552d6fbecafe6a6c4541ba0ee825,1
30,124fcfd5f52d2faed496ee6f3212d8abe2123b74f425ab01032d5e24436dd954,1
31,127087c4a0cc25a6e5e36c7bdad82e0ab80f142769d394fd8d3feb75a49a1ef3,1
32,1bd9565e2a94a11bce8a41b1d58072a55589b241e5f5b44a0d35a65bdfa6df6a,1
33,2456f841435ace2459710598e7a6bdf9afe666cd5c18e748de9d89ffe8507c5f,1
34,2590e551d57943c0684efd5bab20b903b89613ba9ffc7aa2685e5c8b5391c189,1
35,26eb6e57c1c20d393843ea350c2959392da25c01766a4d10eb3f28a6308fb717,1
36,285b6ba1130acdbed12ea12bbf779951e2afc786645185edcbe2d0e9c5c55ebb,1
37,2a15b3025f6593fded19c3e1123c45b3a169ddca49ccd52fb31ee1059930bc1c,1
38,2a5ee0c715e15cb93cd159706d78c1ac3683778fd8c0cd252d9b5a025f53cdca,1
39,2b31f5196f9cf1f6586a8d7f9c3cc581bf564f94a46b4478cb8d456fc516a7dd,1
40,2b4854bf4cc99ec6002aa5f667bc6461c78bd60ef0a10c0c3d2cced487592b2d,1
41,2ccef523b6575aadbb4b13de07107c0bfd4b62da277db727f8da22b9fb70528f,1
42,2d49dec9c2bb8502514e4592d7c342419886c9a22d939f70dca94ffe2041358e,1
43,2f4debf964851ffc95a4689aeb31e7d1a8331619bb24e5776672de9a24b50543,1
44,2f9adccfcd7de8c3db537d235955f7f3c7811633f63878b028a6638d5e4c85ed,1
45,30bba9930f582fb50c3ac72ae131e082a2a321ec68b767a028343445f3a8fbaf,1
46,33a02f6000edd0044238ff52897ba6dd326e53a13af619c3fec25c92f811ae1a,1
47,34aaa0039884a4fd2043d48da46cdf21ef2e888af354f834ed0748aae3c2128e,1
48,3656f5122ceda4ae0cd9189403afd084442c2f3a00285e1bd7e55d6d55097285,1
49,38e2b6de4af63fa6154fbf118e063cb63a1e17b1408a4d7000e0eac90df241d4,1
50,3b4b891af7469ba0b70e19a14ae3b244d5ee201cd3df962169bedfe9eb64c964,1
51,3f77388050714125e66af46fb8cfaaa9d246dab39c250e4f7c3c2727a0da5de9,1
52,44a83dbd4d9af1f52ad46d19509c9995ded2e0429f76561fa75c3a09b3ec3c80,1
53,46f548aa8a4ade1524333f0aa2c542bc587cc2ae2ff309dd4233cf7d9c083fcf,1
54,4883b9451ef90808e5585cf1137453e0ae714d86225167f3a72fbdeec2135a5c,1
55,49d0df7dfd01c869a18626038393f0d8a715e9b01f48d4ad28b410f8f05bba6c,1
56,49e695c95d8741d242431cd336823a64bfc3b6f21490cc9cfba1af6019ef9cce,1
57,4e9c68aad2bdac5657e1557c9d78144c7e4ae980987b8893725cce4144e6ac80,1
58,4f688d583b13017ab160e6e2fb75302057b3aa6cc7b59299022331c5899b2c95,1
59,514e4a3e1e660f442662c48b34f45a4398a450fb911eb8640f4c791ac7dac2f3,1
60,51cd63117a7aaecb6a7bca4dcc8193d41c6eac3c3a8806ea2a1dbe898c20f8ec,1
61,57483ed8587ef63b60dd309a24dd0e1e8f88430c65d55e84f76f3a2ecc3ef8e1,1
62,57591e4cd9f683ca7dfca110ce49440dc846390d3c8e28cf1e8c7591837bb4ae,1
63,5d7b47032caa7c04111c7f40dba22aee9f15d11bc0107d0065edc3756399cc0b,1
64,5f88b9e3c96a25e03ed1cb7585b5fb085a1256de1b1ba02167377b1dd98adfc7,1
65,6258076e748f913e24f06750c9e018f21dafaa319d8045ea0aafbafecfd10d47,1
66,626b9b4a1569e1fc34e6c467fe20e0e27927b84c6140e12ee694ccdb97ecca01,1
67,634b77203b0473f8e8c004f071d5cfec157e489025dcd171835244a1fc384955,1
68,63e1b4e96584381fea7f360890c44f57d9c424542b4cf4a60c9f1284cd1fe8f7,1
69,644e377344e6f427ae8e25714caaa27bfef84dd35bc5f1ecbcd8a52bbbf7bc87,1
70,679b8162e705ab740a03e130642be770377b480f437676b45f2e36063f01a62a,1
71,67b87892205e0ec8d3e2d2158e18e03e1aeb1cbe512e75a1981c777096ff7861,1
72,68c77a9525512b4255974ce82c5f1604f0fb0821154cf6dbf5e270607ee969a4,1
73,6907f2ad78e2ad912bab14574b55aea77e266cc5875be93c19e9264ca2afa56f,1
74,6afac4f2d4043aa5c3d70322357bde1abed876d0ea7ff72ef821b5ff43e3961f,1
75,6e6b78c68effd6f0fe3c97295162964512b3a155065edb8c52927b12942a2f32,1
76,70d844a9712b98948b6225bc012b93cdd1571b4046905f82540f9018d375fdd8,1
77,79c47647897b1cbcb3daba4c086799d39dc2e5d922c3d0ccacc2481db404ea91,1
78,7ae7f12a1ceca741f7f63e8cda332740b724efb35571ec2caf083c90594b194c,1
79,809fcdd872ffd8193fcde7e1e23a1e30c0873fa1952ca1f23384f7981d6303ba,1
80,80c1e1e7b57db9625fe76d11f3eaf4be65632bfab53773e67145a40d23a9c8df,1
81,82428d4788ce5d3cd67d714e0b2b9a5add2953e7045f4c9824565de677410877,1
82,82b76ad4f1bde7c8f35ade01ab1b8e99e82b0d1ab2781ee0a78e99d13ca90e47,1
83,82ea1aaa3662a3bf21afe2b53fb4cf93699d64f9b97aec6b0b9e91312405ccd0,1
84,82f851b805b8a71766c212fad85ff7ce5ae8fae3a6e2a500285f4c1b258365f5,1
85,8325fd5e337adb0e986e4febf12f81ffb22e200bbea2eac3310a197e7d80b867,1
86,837a74f41212f724546230785f88da052da91297bfce1ea7d997c92b2a26f083,1
87,86b1b61cb111ebbf33922b9e499c15ee8eacb2eb1ccb5a4881774d1d9ff8e6e1,1
88,872ad4d7df1382c0eaed4928eb01014085887274c20f6c207492a30ee6bc1721,1
89,88418ee21037571700e012b3f25138adeb70afc3ac1cbad1c3b3748c7088df97,1
90,8a29799359f6ad2498f0bae6b8e9dd4dbb6d03c3bee1b4d871e1168eecd2aaa8,1
91,8b2b1954176f65e471cfc47a72de17d6348afa57e0358933ecbb52369fd06d96,1
92,8c453a5b228d0de1fa1d2bc45b2aa4593b80ca466ff4e7756536a24d5e2ce678,1
93,8c4c7cdde552f095c6ecf626341ea8b5d062712071e154bc1cc690f0649d4430,1
94,8ce4d89ddff710b70d52e59d57817b06e763402741d09c1115dbfaa755d90fdd,1
95,8d5e6441100b57bad4266e6f9de1a08e5baff0a3bdc1decb93f2fb35399b5d32,1
96,8d73dcf3b8225e8d9a83397da4114029503b73c5617cf57006fda965af5fa1c9,1
97,8fdc70f5d273b58c15ce5b05d9a6f38c204c088e04d37224faa629460b578750,1
98,93759cfd04dcd7d4127a4f6719b8366debb3bbfcedfb1d2e1cd4dfa28bfe3350,1
99,94dbeb84224935531ea7b7bb7bdf372d5876a52415252362748b637c63353569,1
100,97461cfc37797a796b222e61f37f92880a954a99b6d86fbe681707edb977ed0c,1
101,9886f21beea9493d10d8557a47d7d480a91f9987bc57ed71e4264f6421b03749,1
102,9a288335b98949b6cda2eb1cdd706aca6089110a1b7055a0663f9d9866693806,1
103,9d537fb2ef08921994a9d6bce242ede42bca15b68a10aa2ff5f73b303995c140,1
104,9d6c29af2b01726c6b526be0b9f9b008c921e9e1c4862c734a99c2b6659b6eec,1
105,a068674e4169b8881d632cbaf9a430d0060523104cb11b3dfb865b0170d5ad30,1
106,a07a135e3db0bc81dab736ed0f6492f3583abb3bb8fffc00f2398473a0e18ffd,1
107,a0be278815672045a9356075f168a7c5627e25be622d1e5298699f4e5e101943,1
108,a21cc744c9205701e2baa885713043fa012e0b4701b629cabef9c2b8ba6bd28e,1
109,a2f9475f39df737c46290b61c582de6a9f402b2082366e76f4af26302d6063e6,1
110,a415ca7aa653e46f93cb4ec730a3f878653ff820dc1f936ca3b1f0e5d58b864f,1
111,a5a2beb6c13c5df8694b7aa3f11481b0a1d802f57a047b4872e5229d0d6d8dd8,1
112,a73eb28200e4fae2d77004b539c6920dd144047536e9e6fc6476008a48744490,1
113,ac368fd8f71d03cce17bd7c58ce6dfe67d37d7f341add94229cd11e279e07093,1
114,b033b733f0252c9fe18638437bcdd17993a434a259047bcecb0a56ef90d38792,1
115,b069c587b631180f3f7d5588b597afaf384a6a5da5286a8b276de57c3c652d98,1
116,b23ec8f586f8d65c9c049ef7b232078988dffd815a5fad008af3f0309d0737f2,1
117,b54183c595486bca208624f21bab6c40fd64e5dddcc04d88771d4d4daf3a1475,1
118,b7e57f2e8834a66d7b715f5b2c6314d1440eec3997682460efd3625017cfc0a2,1
119,ba0621a24a6d1a1a660f619f81279a58cf992abb60abf0666743dd79bde87c7b,1
120,ba2b026c30a9b274e391e75d600da206f9cb2b0d54a13fcf6828e653d1b3ea51,1
121,baecd0bc2eb5470c3eed8926e232c48c7e202cee7eafb4bfb9b872033c9f2bb2,1
122,bdea48c335c46a65b31922b7e7d312c3793c48da5c4860b09f3dbd270aee5cf3,1
123,be4f55d6d8af47e870caf67d978220ad9eaf0da8866b229cd9892c347c486c5a,1
124,bf9aa3c6d5877d503a37d99ad70eb491a858e2a49d5022653cc9049f05d236aa,1
125,bfe7000fc6d603ede80efa55da89d4c7c3dd61822c9de8f979890b0f108ab2bc,1
126,c01fdcbbab4fb1571f096fb2406fe3878912e0a7e67ebd169c5d839e6956cfae,1
127,c2772ae62575c65478337b1499ad3e1b502418c13d184350bd3527557e07cd43,1
128,c3a7f6147352e7b49ec217ad44ece163ff446cfef3a1ba398ada03c1c572c965,1
129,c3bfc894a8f906668add1593d0831a562d3bc27faaf44c1a51e5d8eb783d2a46,1
130,ccf4b31af681ec0e8d9342e596708c08e0a27cdaa6cd5909a9a885a01d61dfe5,1
131,cfed15aca3d20d8fd855b23f252134fe687461b36ae09a02b6f6c7267d9475ed,1
132,d43169ec667fc37e71ef44f3474cadca19c95a7b19a557e27c075eb52ad5c1e3,1
133,d7fe3702de3092671a64a16b9ef6ce9972efeceacade2417379bdf50bb634796,1
134,da9cd3f8e26ccc7d1a11dea2305d426c8c8bddd0661f660b403b2e231a0a654d,1
135,dab38e0dd2687e523efc0dd7346e6bd44f000b1142c1ffaf644c0acd1c4eb896,1
136,dcecaa0ad07a8f44ec87d07b38bd82e6cca2fe558bcad823de5e8138814c3a47,1
137,dee0e6430992da55b133b0d6031c93fd00d9b051ada11ea2c592336546a2cb5d,1
138,e2eefea2c53cdd14b31ff198474a3d2ad4b5518d12983c5b87e89336799ce767,1
139,e3998bc9db732af96b4960f519fc3b79378389d26b439ece0d98e00b06f3b6de,1
140,e55758de8b0058c6ede3bc2d186eeb177146da9b2e4a1d8d863c605db2a7dd0d,1
141,e5fc906e0cb3316283961182ef165c81552db057cdaf8edfc5699fa46531b407,1
142,e7508e86461269b337731b16af05adf1f0b01c848bcfef06d01cb72219095cbb,1
143,e953bb4288a413d62b66ca4b4aeb101bcf3d9fa86c44c411998f6f17747dfd95,1
144,ecaa02ad60daef005fb38919804988bedcea7556907902d67f6254b1e70aa256,1
145,f3e15cd8437301166cf77409bf2f4665bea0e0b5e318bddf4adb096f4c06e07e,1
146,f419637ccaf6f505977e6c6b6664bcf5fcc1a6874640f61d199a2ac2d87c6586,1
147,f71246c2f0bcf9e7e9520aad2a549cabe3ca812edf6755b9c1c439b18db06865,1
148,f89133b3c6c42d507472877e4fe3b3b8dc4c793033f3c90626f9c865cbc86662,1
149,fa0d825d1353a584b78f36ce26f7afb51475ce016bc31b240aee7c713f346976,1
150,fcc7135b3457b3f8ff85d2af3893b75f6079c5aef062174d52de718f4e464ed3,1
151,fde6dbae5e1cdfc6f5d005b1bb898ee1dd92b3b1fb5726fad1ad5a90db971c35,1
152,fdf30d13c691e804e39258c6952fef62d021423b9819b13a79939ac207f7378a,1
153,fe44270f5a17c0d06dda4ca49ba0464dec281669c393a17455302aaa573e81af,1
154,07cc471469529d4d0c5cd6f765c8eb57cafefca5a0fd2c96dc2f72ca6b021313,1
155,03abddd417e1a1c388603e9f7f7ffcf51f50d6583405916f38c5fc49f2d89f99,0
156,03ad219e24d5ecbf0c029dbe6dc167a5edb314c7dca4d20e50777e62561c5aff,0
157,03b23b5fe40ea73d94ec759c9401a13e6c81a6b6c1f5b1a35157c6d9c191e263,0
158,03b365362e30e630df3b63090750df122d59d6e01816f887b5c65631c24939f3,0
159,03ba5ad11636668443dc1a249c26fc5292ae67bca37b78f6417061ac8cb903f9,0
160,03c32a5cf994c635f66a9c76dabaa11656203c564375fb2942ede5412b3099d6,0
161,03cd496aef6be7c6445ea667e151f14a33f3b3d88b1867408ff24f4c2e87c8f3,0
162,03cdede1a27e3c97b96a7b564a90fffc6a545dfe80367a0ff7b836726559cd41,0
163,03d1897b34be24ee9c45dc301f5b7c27ef7a61395eae0a07d7d05f363be3744b,0
164,03d1c0593686933a209419e6bbda2b546235d49484a5d5c843e50b9d1a6b1a8c,0
165,03d33bf060578fc67197783246abe25873250cdc515e34541b6e571e7ebcbf06,0
166,03d4f5543af73ea3996d60b1b0f10d3e0484727fafa3f1f92e6589636ea478ab,0
167,03dc852c51c54619a61dcbf92ed2340f88b9862115ed955e153ee10c212465a0,0
168,03e29682ca9721ecd64e850c8148c121775bf7eee185a17f482ebc58161225ef,0
169,03e62ca21a1bb953f0a55f4babb6a17302e9c17768773df893e10535a8a8e93e,0
170,03f6e5ca9ce58473280fdb5944500cec4b13fc686b9fe7d0f4c1f1260761fd6e,0
171,03f73fa163d207fc4cc51289711b1359b04dd443f1e45a985729c5d051f01f62,0
172,03fc1c346010ece32ea47a22c20957ec2ca68db7948d2197ca43a49123329628,0
173,03fff2efd7e7562057547dbe76f3fbbf11c528eb0811a3ea734eca74a0085006,0
174,04160d1c1a6df42485068a9c0f19993fa1c44e834f301e11007738b25e7fca5e,0
175,041c21661fcb7a2a1d02aafe8793987b7fab7854ab822ee70570def3a947f947,0
176,0423e7ac95a9173e3de73dbd566bb048260ddaeccdbb0e6294a77b867a221d96,0
177,0425c5244e254e70679a33110ead3388a3a2a2b491a7b968792a45bba9ffba82,0
178,042790e4e793915c1dd910c45f4c535063dbceb8b5455fa06aa8f2314af255c3,0
179,0427e06535804cc81ae0b86f1996595cb4baf62dd1c7b848a3e53fc63d51300e,0
180,0427f5ee9d67b032f1588ea7e7aeda32dc712f0f3abc990e5a1c19265de06aaf,0
181,042f07e4d596557af199f2eff2617557ea61cef198255ebaf45a0fa228c12236,0
182,04327c516ac45b95e719d633d0c606c30a8f8477811b2f39ede76ecd83cfa972,0
183,0443254f2d652ab995eb607dde3c62761ef5f514c5a3690de7daa119c74129a4,0
184,04436373572a67450bbbf117333579da9ac4c9d0af4bbf0c0f4f55f7272abc94,0
185,044b4fc4fb40ca6050238235f4b6ce4a77a4deddf5647d6eb19f10e65f41f74b,0
186,045438c214a0c5ecec15e12d32feb67c1f9826b26e1de6de2f113f9a00bd391f,0
187,0458bc0d4aa5ed056998794e93a794005831ed45684f94b2b91ed249fb17a873,0
188,045c30009eb691d4183c9b0f6a00aa2d3995a6e97924ba39cdfd69e751cfe339,0
189,045f05ba454e856d3216d0d0268c267705dd14b843c1ab5599155eb9771fe1de,0
190,0464b89f1aa65e26fd156ef4b101d6731cc420259b7dbfce548047713df54b01,0
191,0465b4f22168b53ff2211211ff4122542f99f5f2dab1e1f49287792de9b299f1,0
192,04673302328c96546b840a3d9fc7feb9a912bf41503fd8a4927c772560369f08,0
193,0467e84e3a1da859ab82f2786c684fa43d4182e272964dcda8a146f35e52f089,0
194,04684cf9367260c290e599e73f00f0d2defd0ae308b695256f7b1d11047677f5,0
195,0469970858cb73718790e13450c5b8cb06540ff3aa695d3821744f111d8ebd74,0
196,047530bfe62ab7f90a91b6db3171bcd2f5d0ebd21637403316ca2ec5d2c0c997,0
197,04754e0f225c123ef57f5c4bc2bb90e2703e970c39e6f2e7e850ac694adcc119,0
198,047972ffc137e3f72a013a3d72100c9e36d458726659b0a7234f6d963fa3174e,0
199,0488ed3eb89f4525e53f8a79934ffa7854eebab1d2961bb231fcccc0d7f621ef,0
200,048b19b9c0bb72497fdef447bea942ce77e4258f70fd14322552ba2fcc0f2204,0
201,048eb974c1e45b378c75eca6065cf5bc71db768249743fdf4fcc7274ded555f8,0
202,048fd47bea2a70892c8ce494fa443b08fd2f6a1ded28ee50d52bf057123153e1,0
203,049094e364e38740cb2052690fc4d22418a92d93b0ac43d6d81c4f926d56d631,0
204,04924f307eae5df2bec6fb6f79e731cd41074b8ab05db5ef1e9e242a688271c0,0
205,04a72448081cd6ad19f3c5cb6f4c60e8da003283ce75c1f89b586186aced9103,0
206,04af784a453e792bde659c85c700fad23266d0a1966c58a32cbb2ef48319e9d7,0
207,04b19ddffdfee6a35eee8f0f701f53241b580b3cf4c6a47a23c2f19a82e70d55,0
208,04be4873983472ac455da23d4255330dcb1b756ecdaa0d97ca0d1f35d985dcd8,0
209,04c2ebf0aa29f0abc4c98de3760025ef0a266e4657ed76abd411660f035bc0c2,0
210,04c9582b78f7349c1fd59953e48b73e40e5e5225f2c8671a5d516b5d06b18980,0
211,04d0938ce510efe98abef8d8e397447bd7cebf290f48776508d7556821e23cfc,0
212,04d4fba8c0e8c5b8bca42945522705f64bbb325bdaaa7797756ca1bb04b542fe,0
213,04dd447e9234698da2b4a4215faeec1b41dd275afb367946c2826a393c5d22fb,0
214,04e364d2af5d7af98937f8fdb0ee47428fd0edc82bc377eb810445784eff4699,0
215,04ee464023fb3caf2a9ce8e88e44a91b3a1e42f6332a3bfc9d6eac7a8692efe0,0
216,04efd6f60233de61941ddc349e433bbe70866f16c6da896f31b1a7645d9be293,0
217,04f00acd2a85f280d5512de447dc3ccecba52bd4b5fad06df455ae35d626e4fd,0
218,04f447cb524dabad7c85abb74645a26eb5048591451457b437b0384580f1053d,0
219,04f9a7a9a38adb370e759ee425580737a052c3bd211efe49a3acae8c188f2eb1,0
220,04fd5a775bda7e836bd97085f807afd8776e6d1a2a501f89537ae6f81862bd59,0
221,0503564cccd743d73bd0450a9588b6fda3529783dc07a81869502d058ab95da6,0
222,050600b1bad77ba1e873ca321225a13aa7f439b4e4fa52f17f18524ed35af7f7,0
223,050d0225c70785388d6209ba943c509ae29a06247e6a7c76782b4e6b544da261,0
224,0511d536e5995b353a9ac5ebef314ee6ef0beb5e09989723e98da42fc1e69b49,0
225,051295ebe5dc49e4cde788509dd4be9f873ab440dd9b6df73a4b6d9b9414e74b,0
226,051c81a8b739bf715dc1357ff81c204e7fbb32d7db59179bf7cc278e6f7c23cd,0
227,052155f2d8f190589a81c348e1c189ebcf316a3202db2236c9c4220fe59d2b88,0
228,05225b82ae4949e5ef54c1f8df086c34285f7e997330a2b4388b0294e5ed1451,0
229,052762a21a1d838bd0730fc1dcb2317f9cb1762ef5ef8522806cbef7598afc80,0
230,052947cc97b80237a90a59ae22e5ec10a49f19562513d3a80a0538e1fb8a257d,0
231,052d19757e95baab55eddeeb50434cc0654603e3d315cd6f0cb1cc2b6bb42e25,0
232,052f08112870859710f2a9841b183f3de77db986b46cecce86f96ff6851839f8,0
233,0530e41e6f6c1126b8a6a305746131c836a6eb147402ca4cec6c5140fe1fad72,0
234,0534305e1f791664aa29a3a952b5f288bf84ce758c7747bb563bf00475c4079d,0
235,054606c46ccb070678bab14207c28f268b82b888d2cd1f19325eb99db48efbf3,0
236,0553411ee65541556a1406dec7f14d1f50e2538e4d5b09f909c36c4ecb0f1c8e,0
237,0554182189c7007dfb9ac062cebd7d016fdc52d1d2a2e31a4bc8d4f68b4adb99,0
238,055442cab83d4d44b0ea13361589455b99e9b7a47fa1486364fe93e5e1fefce1,0
239,055686eed7459fc45d6d9a1455811e961b8ed9bde31b55fe8fa8ba70ab114caf,0
240,0558027eb7dad698d8f9ce2ec803a421f4d5c31ea5d57a7a810a7aaf05d34f96,0
241,055b2a68f6c0e7d94ef1a16c84bd7de9ff8c779bb629e63220f9929eadeceba7,0
242,05600b2e8f7e952a870bda5b68e71815c7a3b9ce06488a981dda99c940ec7069,0
243,05600b4bc49ea3d5ff4542cb9a6922f9bf21694667705dad63f4188dd0d060eb,0
244,0569755998c6d6fcf6e0aec23cc9674d8b0c1d3451854fc03ae9dcf92c98fbb6,0
245,056a2c0f17deaf56314e350113026d600fc6732025440caadb718410f548effa,0
246,0571aa03ac38c1d1d1b8cf82f0f8304038e28791db5c3d92c84be68eb4d32e59,0
247,0573057919f813066959d91152b4f243db9cebc3aa769186f0d805302981574f,0
248,0575f4ddc2c5671e9308fdf9be0b2fc53469ce66970e597fd8ff20bd034831be,0
249,0576a58a8ab967f76a80998f7f678441509bbb1dae572cb90fd071f055602a36,0
250,0580e13456d618360942b81c8305af4b4fa5f9d07c79b11bef3aa7fe5cc2316f,0
251,058819d78837e5a009c62fc7494e9adc48234d898299b000bfbcf63dfd9c9ca4,0
252,0589e1f85c0dea7f26d83f8e8e9e368db48d399419daa648532a29a794b03f8f,0
253,058ee2f938d1d2c1df576b7c9ffaed8f2abfc9cee34832411c82b4850da6ffe5,0
254,058faa9c275578d17bf79fbeec138d19f61ac564fd7588752711a49eefa57fc8,0
255,0593e63f00b6de9ae93d6dbd723cb591234df02670837f22e70273a656b630e5,0
256,0597be45ad58f534f400c76ee1ef82035830cb0efb71ae32b5046f19fc141a24,0
257,0597fe1dd00aa9f34dae8cdce8923c533ababff11028f378d584f2a186b305a9,0
258,059acc469fb887a55db70041a844c05c31030d420427805cd1943dace3cfa1bf,0
259,05a2a3613be8bd3c5555d3af3af7de377ad57c67db93a616ea784b0dd1f20f16,0
260,05aa6c6fffa4e47320c21b126ca2d37db3d74b034c39c0cc9683ccaef4868879,0
261,05b92e3811ebb36ff859f8f41658bb065a14ef2404887167e202e44d82cbea79,0
262,05c0307c1b39765d498072edc6cf01bf5a86f26987e6177bbec6bc89eba1771f,0
263,05c20bd2b145bf7c9c307cb74e61b925b1972e75d5e00a0714287abff2d99399,0
264,05c37f5e25a2f17682dda6f02b1a090d472472bb3be269114c78809fc6df4118,0
265,05c65ee592aeec8643def81653189e92df772948d3e6d4b5a2c66d2fe41e4092,0
266,05c6ab05119dc80e5a9dbc43c5dba80bb7a8ab68a20c3d5449db967692a41e58,0
267,05c89d365d4bda9701ed359af61f9a1860f6b64a5494a57573fdd7f7ebd2731d,0
268,05d5edcbedf15bc833dd1a7a8117c0dbb89ccf8f4ac4b8836f31866ed54f0149,0
269,05df3e4d333f0df4bc35624373f2fb78350e541755ada9614b7227f2f7ecee26,0
270,05e003186aebe808571cef5f07923221e5a4eac5149d717ed10bb7c0764718e6,0
271,05e4122caff893f8ed1e2102f102fee1492e81cb4fadb742da615d4824c90cdf,0
272,05ecfa316dc97632219a1dd9ec75bf13c45f4cbb332dbf409557083935fb1736,0
273,05f53a7cfe7fcb6f1ac3632b482756fef15bb3a1605e6a64361e2af7fbfcc903,0
274,05fa0d377064a8b66a6d70ea9740df57ed9b57745b043d8997d032840fc09504,0
275,0602f6bc816c9380734f68685ffcff0555dd785b91e35c050d9d2638869fc5b5,0
276,0603cd4a6bbdbb81eff440da6a6e94819ebc5770b687da9d6133f6ab6f40ed5e,0
277,060497970ab82e4471f830fc7d7caa33959abb7780f280f778ed22404c5691f9,0
278,060951ada5c55620b6e2c45b05d9953764fd7de3e0c6a9dcaed2cb1c6018ea4f,0
279,060a797028fb224a14a3d29e1d156b5bbb7f004a331425dbd194bf86e71f58c5,0
280,060f9066201fba3b54187b3af468ebf6afaa00e6d645d7977e39479fcd34af28,0
281,061a785c936dc061eebff5836787e4ef22bd6dd5690fac48de262b0e40a6ab6c,0
282,062151033937924a48042cdb6ac22ff0de67c4c62cc34578cd18802fe06a600f,0
283,06312c6d17d7e5bc8f80b0154aeb46427c9866b5e026a6d6ccc2541876bc3c3d,0
284,063382b837eeb6a30ea0ed7f1f23ff19bac43bdcea29aa1a2cc4cb32a093d8d0,0
285,063398ebaf3c433f0e6ed5f7e9a86f93af25f65c2e65eab5c94b09d368f2f1f4,0
286,063ae89f2ed778650a8c6617732c85c78cc961ac0ade863c37f7ee5e55b9a594,0
287,063df3a9d2a8be74ba3d62675e7bc371fdb48d4a0ac83f60063e2f3a51d3e314,0
288,064537c8c7f68135f67db84a9e709d73b805580776f493d8fae10b9e7adecb64,0
289,0646e339361c2048f91e40e465904c1367d1173b999c06bffdaf78f1ec995551,0
290,06501401b8b13773d0c22e783355e823a1f7d73ceba6d1b292c73c0abc117f49,0
291,065430d95647bead8617c026e9e8ae37ec540ce22c27dd087de085b547b73c97,0
292,0657b97346a9cd554e43e96ba4637c65d1e1d97ef35037373824738bea2d8b8d,0
293,065b52e81070197d4cc319867a9c3f4b1dfc3b5d48a145b1535f438c6bf4dd4a,0
294,065bb7c50abd585cab89979144dd114399e32b011115f10b80b157c8e7ed8510,0
295,065c423c0c49312416b79032647d3f3bb98b398f772ec402e79ebcd07694a095,0
296,065c4d072d3270b10ee8184bf325bfa6c2ba90abc6888ae4633b369721765874,0
297,065c8d7aaa5ea6d303f89df3cbb44099f0677d1375db09ff2a11f76053a93993,0
298,0660e00ec777ed2a60da455f15d493dc11cb1fd9fca5759302b4da4c1ad9d861,0
299,066321a8a23426c679bbbef3e42fb5c248ebc029a53941feaf040043ff320f39,0
300,0668369be17aefc1253225c07724a05c929af8ffbf6e667512e5f93c8d385397,0
301,066958d9f81108449f46646c7aa4e011dd310116e7d027a03ea2325be4555cee,0
302,066e8268491ecb1a95a9b8a6f4691a08b1d041137c1c379474e9a37a851f436b,0
303,067452b4ae987feeb20d4922697497c0ee11b47754f2f0159e57e03a64f75efa,0
304,067668b5af8e6eef510f549223623ed0a44648d32f54a57c415985a6ad1570ff,0
305,067b07442ae53490ad467adeca693d326fdceb4d60fb49f3d11992313d411978,0
306,067bc4531a3687fe87d4a8081825f2fd83634a8a1fdbc61395bb3556060c6b53,0
307,067d8878931d586d83dffd92f4145fb2da58532eb1e5ef8274147396e4781327,0
308,067f22c719d0aaf9b3b086dd63762dc36e13d7e6b99b566da8a46f632477edd1,0
309,06824abe8cfb81e5cb48d6bd87e1d384725580ef18298c0b6295b558c452eda4,0
310,0685da99cd4ce1f681d3084761d4c2e66e522a3b37a16430eae92e441de8ef8a,0
311,068bf2263cd0b35a999246c02ea927867f2278109fda4a1ba28499b4bf4131ec,0
312,069262cd85dfd68ffbd3368cb89010d2fca2773ff1f7d31be8ef9de9fbd05255,0
313,06a018ce117317c1b26ecf69e2a54fb6c1c299942eea6806f32931064a9fa605,0
314,06a14b11086e67d9ca02b660e6bbfbe36ca4313bd95e1cd14e0fc11087f3b7ca,0
315,06a8412d4432d806d3460c1172b98e3c80fad76874950225e73dc0d42dd998da,0
316,06b13a595f96c844d324ab433bc231dfb0a2dabdae90f13ddabcc1c4306336b1,0
317,06b163e438f99600c81740df7ea6561a3bf915a4cc1ee0f111fa424e89fc7fcf,0
318,06b1d3284a4eac58181e00e894f4195c16b52b2ed36c2970b6d55f7b5f7d7540,0
319,06b29a5d0617e314be7bf78ddf61d92ac85c9217fc68d230172c6a79d94fcf3b,0
320,06bbcee1b36be04d7dcc0ff617d5feca789e34d0fe0dc11738162dba0610fef5,0
321,06bf9d6420ca263acf8eaf9d7a820906bc08981c72df05a57e2a9ff0761b8494,0
322,06c23606fc233b62f0996e3467086b47a6bd4597f5178e0244692956d0e2f7be,0
323,06c2e7ff725af44fa51d80c843752eb6118566100b25b44c75cc255815556489,0
324,06c6b57545304a43f947ac3f269caae815d9626989d04fe9077e18062c46eaa1,0
325,06c8187ccbe36dbd1e93ec652cf3be821d67b2ef306cc7eecc8091e8de2d2d68,0
326,06cb50b4a5378c93d9084727474df1400ffdcd167f9d629a99cf5179aa544a37,0
327,06cf3f62b28c3d8bea6aadfa2d2ceb49c368268ba6ce489e31a4e65a441c30d5,0
328,06d1a1ecfe5b95985f4a85cf8f5d74da1d66c79e2030df415bbdf4f848bb8b01,0
329,06d380bd9d9769b916abb5ee64cd18ca26e9f43be391e0887afe4563da05b8f9,0
330,06d3ec5a116ec875e6180a0afde9113e30acdb990a2e27e0129fa9e8dda9e743,0
331,06d6e3589d8a6b100fa2c15809909fb864e17f3a2f19abe450963dcaaa51df34,0
332,06dc47beaf36470508d411852a27327b8768fa1cdca86f7f44bf08123211b16c,0
333,06de087d2cd33be5c2510c481cdd40871d92a8044be6f56bfcb33afc05fc99e8,0
334,06eeff26ea4e2ee08cb4b0a552aea7381914e1a3e78d43197e079c69757f98c6,0
335,06fc5c4cb8b30a5976a26866d6a15544f6e8de8d1fd4f709f4f22268eecc4845,0
336,0701ec6cb39ddb6a6a3d2cf6e0e8fbfcef19e2ac5b64c9c5063d2a6572767b44,0
337,0703dc63506fe749c0884b4179d1ceb13754c351e2572f4e404a075e6c3dba1b,0
338,07059b9cb257fffe0c621a44a9cf0922c6414aef70d5d37a1306b2548361834c,0
339,070617c1ca629daa333737779f2a406bea19194b1058b79711e9cd297291c8c0,0
340,070a9423c1af897e259d4c840bcf9a691703144655306024a6a426bfc521294c,0
341,070d96cd0667569249d1c49cedcb136ac03f9c9923f6e9c6d5fbb60d747ed41a,0
342,070f0ad9b99e4a9c7c56b303bd8b83cdbab656707bb5fef743f40bc9625531d7,0
343,0710b9e8f520cc5297f3468d76dba697722dc904c42ee45a579dfd2b0aab2f3a,0
344,071312c02535ba20c43cb68b0f6eada34058a513f77904701d119f22d46be5ed,0
345,07145a593dc633f39a8a6a348091e28a3fee18e237accc053105c5050a34ec72,0
346,0720754b40277d3aaf2c6c7196ccbb7acb6209416ee60e433bbd64287611a851,0
347,07243c9828b44149af67fa1e6fe4ef1e7ded7e9e649c72c83c54fe2b17c8b336,0
348,0726d4448d42fd1551001b25625f6553e7286144b8ff1c759c4907133b493d98,0
349,072841505ea09fe996c45b52eda38276fafb4677c487bf6a04f981117e808cf1,0
350,072e2bea0e00c54c784482114d8dcc894c047597808528de927e8048c57bf66d,0
351,0730eef861d601e7fd6cc293e4bdba040008e52016f1bab4a086399cf230cec1,0
352,073290aab85b4904c80c30f2177bb413c131542c349ba4ecd8b3d36175a1d317,0
353,0736b0c4b290033ccee30853fc300a31989a0cf3e04099ab49e5eee4f6a1c059,0
354,073bb77f13b725f0fd368e5748f0a8da29b8ee08246cacfd65ebd1d6a08aa5d6,0
355,073c5fb4090208a78fd82109acae05891afbdfdd3e1093fb06397ce0a4e2eaf2,0
356,073e7ef608914f437b4548cfcacfdd1dde58c97cea94988c9b2ae7ed43f5ce77,0
357,0743948ffd3ffeef14ebedd78b4bda65974bef2d0a4198b1214e0b128d79b707,0
358,07459b953006eba2bf205dda20a1e81b821715fea1d9742e6cb86f66d4019079,0
359,0748286ad538a2c70f2751dd0066ddcd883d8323f82f040f98eaf88c9e71c69f,0
360,0748bb8511f1e3ed7b0ebe29341e81b256191df4d4d659c0aa00709f94e22548,0
361,07494a54d735c9747e82cf1ea8fd944620ce53f2aacfc96319c30d48a1c12d1c,0
362,074b1c0abb1a11e681bb3fac12fe4e4dd811ea3a68cd2a62117bcaf1bc7d7702,0
363,075acf2e72fc2fb07e414dee0425c619d40a6cd3afe6c194cd3cfcad8b1d38bf,0
364,07626c87dc5a49784d8628c451c0bfda0eb1bf4824be9e893ade37a291cc3ff2,0
365,0766396442b69e506f7b7c031e6ddeffc51f3f08f536abf3c883034396d08905,0
366,076a30cf0bc85fe9660f020389d7185c364321e3227b61e9ae585746ababf7aa,0
367,076b46ee05a085107ee611cc6b99bd1f8a7b4bcecef064165aa1f846a595cf16,0
368,076c49fec6ad5bddc4d57e8f9fec04d3ce69f3234f3c4c681311b481643f09fd,0
369,076d3ffd8014379081f49d3d6b244728025eff81d553bab3929cc61d275c4b3e,0
370,076f72fead4cd7c21fa7cdc521f2bd4431887b5b903b33601934e0643d256f0d,0
371,07711feb20ff580ccad1b8ea5de0b2035fe087877e661c466e49fdf9c69db175,0
372,07737c359e66c6eaa21a399134bfddcb0d4d0ec2b211cb854e184797e13a8b64,0
373,0776ee32f0f3a2760ed0b3ac141773a73966b79386ff7564245f7285165528ea,0
374,078276ae31b2de694ed6802a0458c85d2f46388d9ff4be60f702cd08adfe689f,0
375,0784325c9264df8a55496cfde5f666d920ec083705be0c1cec0be1d764cf741b,0
376,0785a0c65b273b8445ec728dce089521aa5816c5972c1c6795eb19257ed37744,0
377,07878ea811bb37c8c0c257a2e59961c5874b7973402d95e755ed666d7b31dae0,0
378,078889f7463f15c420ec28b1575b50c89608b4361f4aba5b855781c17af7ce54,0
379,078f3b78ccbd0a04e6dbc7ccb5ee9b450700818fee7261158c6361bce623974f,0
380,07914a2ab94258f40211c330521042a5fd68cd8df61c9c11f65290914b48b65a,0
381,079988ec9b149ff27fa38d90851f745edd6d42dd8383af5131e7548c4d639352,0
382,079a11ce55e1457e7099bf94929c4754567e7b2571300205e9e0d03c75bd8644,0
383,079eb15e752507d7aa9f1ee8933df06e090c7567aa98b53556695244f138a9bc,0
384,07a6616927d969cd6d9b11b3ef689c5fbc2451d87a903ad7380a382742982b41,0
385,07a676f3c5642bf2851160ee8ea38c16e1d57634ba476575cb980a51d2f370f6,0
386,07a783c39085ed09fcdfa3facde85eecd35edaff724a33bb0d6d294544540480,0
387,07a7c522002d764d6211d34d75538465cdfe1b3ae0bb3bd9fca35e5328bf5818,0
388,07a9ce5f2eaa7de0d11b894eba02f05116b083840c896c1eccf0ad3a03ac5d70,0
389,07a9d3f7968c9d446ccca643c3ccb158f1be5e8e04b54e9549f5d4a756b533ee,0
390,07afc43cb2547fead3417c302e7123f12b59f6732d5ca3133903542cbf34ed52,0
391,24a52f6087a00c159df161e1cbd691f9323ceb20cc2d1f9cbe1368cd89820701,0
392,2ecaa93f52c070baf33471166514e1468dde3c31fb4235b43abca4da8783bfae,0
393,c9bb7231a24b52fea3053736048f769b027b9d77d2fe5f1820568bbf1c0136f2,0
394,b4ee1caf5d6c6ef4f750eca03c0caabc347968b3472aa659d1ce60fa8b723009,0
395,e8b93f1af8fdbe833023f54494acefd14f5a0019a05e1786add0201e708f90cb,0
396,cfd3afe7c02f8fe15213325c444bd38d362ea6fb2e410ab36524e664f0c32a14,0
397,c92b9f816d311bce6bfcf66b3364112eab434e7d74be234cdeaa5afa46475483,0
398,6759681f4aa1818dc3beaf08c050cd08c01bd9448248468fe303beca7d595ba0,0
399,2251deef1d26c4f75efe25e8abd6c8a6600915ba8fa357cfa9296b83f79e98d0,0
400,019432acc1483d68cf0a701d337316e90824b15808609e02617c2d5386b2b04d,0
401,e89eb84e2cbffafe80a80a10524f7aaa0f67d32afed16d1847db351637f14849,0
402,f01b77ec777c58459fc706690241e55b7e745ed94ea85e9e896c32ffdecac4f3,0
403,6e1e06827ab8e9e0800b2ca31d7050e8b3afabc428b054bbe73ecaadabf552da,0
404,9b93e47ba8a71645f180f1822e41a4918ccbce3744b12c87907a110a8f30c49f,0
405,08231bb7a8c7dfc5772b0d1fc4029d2012891e07df7d145054628b6eab62d16b,0
406,089814754292ec80092469a98e6e27c2d4975f4366f25678a0d942c2ea3ff5c5,0
407,07eea70e14c2c22e082cd7cbbdb08dda96f2446b429acffeb16ecc6f9169f5fc,0
408,0801e5a4de985bbdc74664891f0cf57fb82424fb88b77909a58dee19793e2b62,0
409,0816983ea570ca8610e0a9edcc4308bbd8b4e320565444c8eeae62c8f6a3a6d4,0
410,08309c603b020bf70ee985b5a6dac57d10907ec2225202ad18433506a980369f,0
411,084e519023e2e4fede890ca04ab666bd849e6343d00db925f832365925f3fba4,0
412,07fb898e8cdf804b25456496cc3927006d668b19cf5e1cf3c4a96e8234c4b222,0
413,08a6619324c16e308d28c6a89a50531b264abe8a8f3ab79bc2afe65aa949f9b6,0
414,08b9473e9d211281ec666f48db8922fde05fffcb480f75181715129f606308ce,0
415,0858cf8f001c322902090b1165867ba53832f8572f665a81e7df45a6850667fd,0
416,084a183db7022815b38204ef1797d9c43b6b8d2c9278c2c154fb428bae678a07,0
417,07fc397bcd8c410db7deeb8fc34198ae7b439d2d0222a9bc53465d48d0fb1318,0
418,0801f65b2bb54b61fd634eba7d17fcac90afc8d357254996ff5f8c700bef74e1,0
419,081422fcbc5354ba8b00f75ee25780a2cced86364c4d8687554f56f2a13b3223,0
420,088f5079d6d4e086ff64e3b025f15799b73cba60ee50d8c79730dca753f297cf,0
421,086f8de949b3d83a928579fcee25ab6678dbf7f7135f0b3ad36d292e52c944a3,0
422,07c0ae74c00764028b6f28a91efa2485fea944c93f1aa2d2435f06918d145117,0
423,087dc5b600206ba9674bcb63d3d688569fde85cde2149f6a655344844e4ed4b9,0
424,08ad98108442969621773212f860cf08f6503552594cb9f254dad4cd310c5c16,0
425,0840022b0426974db7f062181045f8036f2932d1451ebb58c90f25e14d2843db,0
426,08564e41ab75a938f9e4573d2576eaecf6e28173e18b89a9476fbe67ea9c2139,0
427,088201d737f3d4c399c89e22835a3ab9aa94ec038a37a498b6ea6f17f79a13bd,0
428,08578bc86710fdad9702e56597504e9a9d6bb019cb10e8fe12bf0837e38c4d90,0
429,07ea7ef44c40343be2441e8acfa16c47120cd70ed090f9f62d12a94622fe1e8b,0
430,07f6484dc56418a68855900127d60b10695f74c04b154d5eb58daa99d46fa9da,0
431,088dd5d6496d9c9aa385ceea95a2fb8b3b755ac263041a9e84e5e91f5a7d264d,0
432,084039c57d0063a25bd846905e5239fe6997ac7531bcb697068b328713317929,0
433,08d1ae0e36a63b978315e0683b8de51c2b04da7fbe9e4757f348c9c86e8cd9a6,0
434,0876a75d34959ee5f366dd01465e836a6dd9e5fa4ff276758bbfaf70de2ce0ca,0
435,08a100fbcd0123d9ebc344a3394055db3e1a70ab9b368a637c3440f881fbef74,0
436,08371e76d97ec480bb390ae343043fd2e598672a083ad5937c9eb085e4c1a24d,0
437,0860add24705f35941732e231ae09470dec0b5dad1ed37b1c8f9fb894ffd29c3,0
438,07f3714d9e0bdecd7be6cca9a9defdf02197f5acadf55b8e380fe05b6735463c,0
439,088c5dca13e16b81d396cbc5957d06e6b9532f3f657653e8fec5ef4c0bea25f5,0
440,08b67370cdd54380220292c7d8be97295e4dd068936099b749aa1839dee1ca51,0
441,0865d563363894404f5abf9cfb928796019c0450ab2c85fa09be2196885a8bc3,0
442,082b6bd9b9300b03b33de2c697c92cff8ee6411c785cee4087e9c696a26fa65c,0
443,07b8597a8ba612b5bbef56bf9dfd11725f87bfe58beedfc7e701f76c0f318d03,0
444,07b9a154a88eb8c7a89828a0714c6a510a3f32155e5f37c0004bb30291336651,0
445,07dcbb59fa9cf45d3fe8781759349e8672d817518f8294e3ae77a3c6ba977b47,0
446,08b07913dc511ec28ff4fae83697b74c19fcb0413883d70736db0d6be8c5bf0c,0
447,081e3a9400ab31c7082cdb745726368bde6aa6aa5258d2588944197135e7a202,0
448,07fe7e00aed2e0a4ad3b2443d95fdde74b99c747557c21297bfa546fae548e02,0
449,07e2b0319865560c076971a986bf41342ef2e0e8b26911b2284144035e1dc691,0
450,08109d49abd5ec405147763a29b43611a5e66e46c0c55d21ccbfb9e30bb67c85,0
451,07ecff58757776aba3bdb0195ba5c6ee5e65b68ca092025d31b84aa6ed70ac81,0
452,082dc2cb041e4461a525703a394a85987556803a5b72d8a9c0b0e09435c03106,0
453,08064fc1f5c8d04af58105f9c42baa10c6c37c16602a621dadea7a58adf49d40,0
454,08d4504a1610d7f5ae9bd5f7d6ec0f65378bb09cf76aa81083862eba043a4629,0
455,0861e74e3b6d95ca8396c1edebf12e537742be08572ee2bce5671673c6691729,0
456,08d7b67554e7345774539bc85ca6a97209d4d658fb4b8e013b71157a4110fce1,0
457,07c25caf576b9145dcb6ea4abb8d872a38eee85ec697c87a326dabc5afc07bff,0
458,07cd3ab626f3b66d801e817ae22a207054780b9d043150d89fe2f48c5fe9cc92,0
